 cost per cc,N
26.52109312,
26.32310497,
26.12861759,
25.93753895,
25.74978021,
25.56525559,
25.38388224,
25.20558013,
25.03027189,
24.85788276,
24.68834042,
24.52157493,
24.35751863,
24.19610603,
24.03727374,
23.88096037,
23.72710648,
23.57565448,
23.42654854,
23.27973458,
23.13516016,
22.99277442,
22.85252803,
22.71437313,
22.57826329,
22.44415344,
22.3119998,
22.18175989,
22.05339244,
21.92685736,
21.80211569,
21.67912957,
21.5578622,
21.4382778,
21.32034158,
21.20401969,
21.08927922,
20.97608813,
20.86441526,
20.75423025,
20.64550357,
20.53820647,
20.43231092,
20.32778965,
20.22461607,
20.12276429,
20.02220907,
19.9229258,
19.82489051,
19.72807981,
19.63247089,
19.53804153,
19.44477002,
19.35263519,
19.2616164,
19.17169349,
19.08284678,
18.99505707,
18.90830561,
18.82257409,
18.73784463,
18.65409976,
18.57132241,
18.48949592,
18.408604,
18.32863073,
18.24956054,
18.17137822,
18.09406891,
18.01761806,
17.94201145,
17.86723518,
17.79327564,
17.72011952,
17.64775381,
17.57616575,
17.50534289,
17.43527302,
17.36594419,
17.29734472,
17.22946314,
17.16228826,
17.09580908,
17.03001487,
16.96489509,
16.90043942,
16.83663775,
16.77348018,
16.710957,
16.64905871,
16.58777599,
16.52709969,
16.46702086,
16.40753071,
16.34862065,
16.29028221,
16.23250713,
16.17528729,
16.11861471,
16.06248159,
16.00688025,
15.95180318,
15.89724299,
15.84319245,
15.78964445,
15.736592,
15.68402827,
15.63194652,
15.58034017,
15.52920273,
15.47852784,
15.42830926,
15.37854083,
15.32921655,
15.28033049,
15.23187684,
15.18384989,
15.13624402,
15.08905371,
15.04227356,
14.99589824,
14.94992252,
14.90434124,
14.85914937,
14.81434193,
14.76991403,
14.72586087,
14.68217774,
14.63885999,
14.59590305,
14.55330243,
14.51105373,
14.46915259,
14.42759475,
14.386376,
14.34549221,
14.30493932,
14.26471332,
14.22481027,
14.18522631,
14.14595762,
14.10700044,
14.0683511,
14.03000594,
13.99196141,
13.95421396,
13.91676014,
13.87959654,
13.8427198,
13.80612659,
13.76981368,
13.73377785,
13.69801594,
13.66252483,
13.62730148,
13.59234285,
13.55764597,
13.52320792,
13.4890258,
13.45509679,
13.42141807,
13.38798688,
13.35480052,
13.32185629,
13.28915156,
13.25668372,
13.22445022,
13.19244852,
13.16067613,
13.12913059,
13.09780949,
13.06671044,
13.03583109,
13.0051691,
12.97472221,
12.94448815,
12.9144647,
12.88464966,
12.85504088,
12.82563622,
12.79643357,
12.76743087,
12.73862606,
12.71001713,
12.68160208,
12.65337896,
12.62534582,
12.59750075,
12.56984187,
12.54236731,
12.51507524,
12.48796384,
12.46103133,
12.43427595,
12.40769595,
12.3812896,
12.35505523,
12.32899115,
12.3030957,
12.27736726,
12.25180422,
12.22640499,
12.201168,
12.17609169,
12.15117454,
12.12641504,
12.1018117,
12.07736304,
12.05306761,
12.02892397,
12.00493071,
11.98108643,
11.95738973,
11.93383927,
11.91043368,
11.88717163,
11.86405181,
11.84107291,
11.81823366,
11.79553278,
11.77296903,
11.75054115,
11.72824793,
11.70608815,
11.68406063,
11.66216419,
11.64039765,
11.61875986,
11.59724969,
11.575866,
11.5546077,
11.53347367,
11.51246283,
11.49157411,
11.47080644,
11.45015878,
11.42963009,
11.40921934,
11.38892552,
11.36874763,
11.34868467,
11.32873568,
11.30889967,
11.2891757,
11.26956281,
11.25006007,
11.23066656,
11.21138136,
11.19220356,
11.17313228,
11.15416662,
11.13530571,
11.11654868,
11.09789469,
11.07934287,
11.0608924,
11.04254245,
11.0242922,
11.00614083,
10.98808755,
10.97013157,
10.95227209,
10.93450835,
10.91683957,
10.89926499,
10.88178387,
10.86439546,
10.84709903,
10.82989384,
10.81277918,
10.79575434,
10.7788186,
10.76197128,
10.74521167,
10.72853911,
10.7119529,
10.69545239,
10.67903691,
10.6627058,
10.64645842,
10.63029412,
10.61421227,
10.59821224,
10.5822934,
10.56645514,
10.55069685,
10.53501793,
10.51941777,
10.50389578,
10.48845139,
10.473084,
10.45779305,
10.44257796,
10.42743817,
10.41237313,
10.39738227,
10.38246507,
10.36762096,
10.35284943,
10.33814993,
10.32352194,
10.30896494,
10.29447842,
10.28006186,
10.26571476,
10.25143662,
10.23722694,
10.22308523,
10.20901101,
10.19500379,
10.18106309,
10.16718845,
10.15337939,
10.13963545,
10.12595617,
10.11234109,
10.09878977,
10.08530176,
10.07187661,
10.05851389,
10.04521316,
10.03197399,
10.01879596,
10.00567864,
9.99262161,
9.979624463,
9.966686785,
9.953808168,
9.940988208,
9.928226506,
9.915522666,
9.902876295,
9.890287004,
9.877754407,
9.865278123,
9.852857772,
9.840492979,
9.828183372,
9.815928583,
9.803728247,
9.791582,
9.779489485,
9.767450345,
9.755464228,
9.743530785,
9.731649668,
9.719820535,
9.708043045,
9.696316861,
9.684641648,
9.673017074,
9.661442811,
9.649918532,
9.638443916,
9.627018641,
9.615642389,
9.604314847,
9.593035702,
9.581804643,
9.570621366,
9.559485564,
9.548396937,
9.537355185,
9.526360012,
9.515411124,
9.504508228,
9.493651037,
9.482839262,
9.47207262,
9.461350829,
9.450673609,
9.440040682,
9.429451774,
9.418906612,
9.408404925,
9.397946444,
9.387530905,
9.377158043,
9.366827595,
9.356539304,
9.34629291,
9.336088159,
9.325924797,
9.315802573,
9.305721238,
9.295680544,
9.285680247,
9.275720102,
9.265799869,
9.255919308,
9.246078181,
9.236276254,
9.226513292,
9.216789063,
9.207103337,
9.197455887,
9.187846485,
9.178274907,
9.168740931,
9.159244334,
9.149784898,
9.140362405,
9.130976639,
9.121627386,
9.112314432,
9.103037567,
9.093796582,
9.084591269,
9.075421421,
9.066286835,
9.057187307,
9.048122635,
9.03909262,
9.030097063,
9.021135769,
9.01220854,
9.003315183,
8.994455507,
8.985629319,
8.97683643,
8.968076653,
8.959349801,
8.950655688,
8.94199413,
8.933364945,
8.924767953,
8.916202972,
8.907669824,
8.899168333,
8.890698322,
8.882259618,
8.873852046,
8.865475435,
8.857129614,
8.848814414,
8.840529666,
8.832275203,
8.82405086,
8.815856472,
8.807691876,
8.79955691,
8.791451412,
8.783375223,
8.775328184,
8.767310138,
8.759320927,
8.751360398,
8.743428395,
8.735524766,
8.727649358,
8.719802022,
8.711982606,
8.704190962,
8.696426943,
8.688690402,
8.680981193,
8.673299171,
8.665644194,
8.658016118,
8.650414802,
8.642840106,
8.635291889,
8.627770014,
8.620274342,
8.612804737,
8.605361063,
8.597943186,
8.59055097,
8.583184285,
8.575842997,
8.568526975,
8.56123609,
8.553970211,
8.546729211,
8.539512961,
8.532321336,
8.525154209,
8.518011456,
8.510892951,
8.503798573,
8.496728198,
8.489681706,
8.482658974,
8.475659883,
8.468684315,
8.46173215,
8.454803271,
8.447897561,
8.441014904,
8.434155186,
8.42731829,
8.420504105,
8.413712516,
8.406943412,
8.400196681,
8.393472212,
8.386769896,
8.380089623,
8.373431284,
8.366794772,
8.360179979,
8.3535868,
8.347015127,
8.340464857,
8.333935885,
8.327428107,
8.32094142,
8.314475722,
8.308030911,
8.301606885,
8.295203546,
8.288820792,
8.282458525,
8.276116646,
8.269795058,
8.263493663,
8.257212364,
8.250951066,
8.244709673,
8.238488091,
8.232286225,
8.226103981,
8.219941268,
8.213797991,
8.207674061,
8.201569384,
8.195483871,
8.189417432,
8.183369976,
8.177341416,
8.171331662,
8.165340627,
8.159368224,
8.153414365,
8.147478964,
8.141561936,
8.135663196,
8.129782658,
8.12392024,
8.118075856,
8.112249424,
8.106440862,
8.100650087,
8.094877018,
8.089121574,
8.083383674,
8.077663238,
8.071960186,
8.06627444,
8.06060592,
8.054954548,
8.049320248,
8.043702941,
8.03810255,
8.032519,
8.026952215,
8.021402119,
8.015868637,
8.010351696,
8.004851219,
7.999367135,
7.99389937,
7.988447852,
7.983012507,
7.977593264,
7.972190052,
7.966802799,
7.961431436,
7.956075891,
7.950736095,
7.945411979,
7.940103474,
7.934810511,
7.929533022,
7.924270939,
7.919024194,
7.913792722,
7.908576455,
7.903375328,
7.898189273,
7.893018226,
7.887862123,
7.882720897,
7.877594485,
7.872482823,
7.867385848,
7.862303495,
7.857235703,
7.852182409,
7.84714355,
7.842119066,
7.837108893,
7.832112973,
7.827131243,
7.822163643,
7.817210113,
7.812270595,
7.807345027,
7.802433352,
7.79753551,
7.792651444,
7.787781094,
7.782924404,
7.778081316,
7.773251773,
7.768435719,
7.763633096,
7.758843849,
7.754067921,
7.749305259,
7.744555805,
7.739819506,
7.735096306,
7.730386152,
7.72568899,
7.721004765,
7.716333425,
7.711674917,
7.707029187,
7.702396183,
7.697775853,
7.693168144,
7.688573006,
7.683990387,
7.679420236,
7.674862502,
7.670317135,
7.665784083,
7.661263298,
7.656754729,
7.652258328,
7.647774044,
7.643301829,
7.638841634,
7.634393412,
7.629957113,
7.62553269,
7.621120095,
7.616719281,
7.612330201,
7.607952808,
7.603587055,
7.599232896,
7.594890284,
7.590559175,
7.586239522,
7.58193128,
7.577634403,
7.573348848,
7.569074568,
7.564811521,
7.56055966,
7.556318943,
7.552089326,
7.547870765,
7.543663217,
7.539466639,
7.535280988,
7.531106221,
7.526942297,
7.522789172,
7.518646804,
7.514515153,
7.510394177,
7.506283834,
7.502184083,
7.498094883,
7.494016194,
7.489947975,
7.485890186,
7.481842786,
7.477805737,
7.473778997,
7.469762529,
7.465756292,
7.461760248,
7.457774357,
7.453798582,
7.449832883,
7.445877222,
7.441931562,
7.437995864,
7.434070091,
7.430154205,
7.426248169,
7.422351945,
7.418465498,
7.41458879,
7.410721784,
7.406864444,
7.403016735,
7.399178619,
7.395350061,
7.391531026,
7.387721478,
7.383921382,
7.380130702,
7.376349403,
7.372577452,
7.368814813,
7.365061451,
7.361317333,
7.357582424,
7.353856691,
7.350140099,
7.346432615,
7.342734206,
7.339044839,
7.335364479,
7.331693095,
7.328030653,
7.324377121,
7.320732467,
7.317096657,
7.313469661,
7.309851445,
7.306241979,
7.302641229,
7.299049166,
7.295465757,
7.291890971,
7.288324777,
7.284767145,
7.281218042,
7.27767744,
7.274145306,
7.270621612,
7.267106326,
7.263599419,
7.26010086,
7.256610621,
7.25312867,
7.24965498,
7.246189519,
7.24273226,
7.239283173,
7.23584223,
7.2324094,
7.228984657,
7.22556797,
7.222159312,
7.218758655,
7.21536597,
7.21198123,
7.208604406,
7.205235471,
7.201874396,
7.198521156,
7.195175722,
7.191838067,
7.188508164,
7.185185986,
7.181871506,
7.178564697,
7.175265533,
7.171973988,
7.168690035,
7.165413647,
7.162144799,
7.158883465,
7.155629618,
7.152383233,
7.149144285,
7.145912748,
7.142688596,
7.139471804,
7.136262347,
7.1330602,
7.129865338,
7.126677736,
7.123497369,
7.120324214,
7.117158244,
7.113999437,
7.110847767,
7.107703211,
7.104565744,
7.101435343,
7.098311983,
7.095195641,
7.092086294,
7.088983917,
7.085888487,
7.082799982,
7.079718377,
7.076643651,
7.073575779,
7.070514738,
7.067460507,
7.064413062,
7.061372381,
7.058338441,
7.05531122,
7.052290696,
7.049276846,
7.046269648,
7.04326908,
7.040275121,
7.037287749,
7.034306941,
7.031332676,
7.028364933,
7.025403691,
7.022448927,
7.019500622,
7.016558752,
7.013623299,
7.010694239,
7.007771554,
7.004855221,
7.001945221,
6.999041532,
6.996144134,
6.993253007,
6.990368131,
6.987489484,
6.984617047,
6.9817508,
6.978890723,
6.976036796,
6.973189,
6.970347313,
6.967511717,
6.964682193,
6.96185872,
6.95904128,
6.956229853,
6.953424419,
6.95062496,
6.947831457,
6.94504389,
6.942262241,
6.939486491,
6.936716621,
6.933952613,
6.931194447,
6.928442106,
6.925695571,
6.922954823,
6.920219845,
6.917490618,
6.914767123,
6.912049344,
6.909337262,
6.906630859,
6.903930117,
6.901235018,
6.898545546,
6.895861682,
6.893183408,
6.890510708,
6.887843563,
6.885181958,
6.882525873,
6.879875293,
6.8772302,
6.874590577,
6.871956407,
6.869327674,
6.86670436,
6.864086448,
6.861473923,
6.858866767,
6.856264964,
6.853668497,
6.851077351,
6.848491508,
6.845910952,
6.843335668,
6.840765639,
6.838200849,
6.835641281,
6.833086921,
6.830537752,
6.827993759,
6.825454925,
6.822921235,
6.820392674,
6.817869225,
6.815350874,
6.812837604,
6.810329401,
6.807826249,
6.805328133,
6.802835038,
6.800346949,
6.79786385,
6.795385727,
6.792912564,
6.790444347,
6.787981061,
6.785522692,
6.783069224,
6.780620642,
6.778176933,
6.775738082,
6.773304074,
6.770874895,
6.76845053,
6.766030965,
6.763616187,
6.76120618,
6.758800931,
6.756400425,
6.754004649,
6.751613588,
6.74922723,
6.746845559,
6.744468562,
6.742096225,
6.739728535,
6.737365477,
6.73500704,
6.732653208,
6.730303968,
6.727959307,
6.725619212,
6.723283669,
6.720952665,
6.718626187,
6.716304221,
6.713986755,
6.711673775,
6.709365268,
6.707061222,
6.704761623,
6.702466459,
6.700175717,
6.697889384,
6.695607447,
6.693329894,
6.691056712,
6.688787888,
6.68652341,
6.684263266,
6.682007443,
6.679755928,
6.67750871,
6.675265776,
6.673027113,
6.67079271,
6.668562555,
6.666336635,
6.664114938,
6.661897453,
6.659684167,
6.657475068,
6.655270145,
6.653069386,
6.650872779,
6.648680312,
6.646491973,
6.644307751,
6.642127635,
6.639951612,
6.637779671,
6.635611801,
6.63344799,
6.631288227,
6.629132501,
6.6269808,
6.624833113,
6.622689428,
6.620549735,
6.618414023,
6.61628228,
6.614154495,
6.612030657,
6.609910756,
6.60779478,
6.605682718,
6.60357456,
6.601470295,
6.599369911,
6.5972734,
6.595180748,
6.593091947,
6.591006985,
6.588925851,
6.586848536,
6.584775029,
6.582705318,
6.580639395,
6.578577248,
6.576518867,
6.574464242,
6.572413363,
6.570366218,
6.568322799,
6.566283095,
6.564247095,
6.562214791,
6.560186171,
6.558161225,
6.556139945,
6.554122319,
6.552108338,
6.550097992,
6.548091271,
6.546088165,
6.544088665,
6.544088665,
5.434810279,
5.619925251,
5.329675085,
5.155501746,
5.312550647,
5.190580002,
5.099098204,
5.210069656,
5.134933616,
5.073457431,
5.158824887,
5.1049682,
5.058804775,
5.128076658,
5.086239112,
5.145748152,
5.107577268,
5.073424161,
5.124648007,
5.092934568,
5.064104038,
5.109052009,
5.08195239,
5.057020655,
5.097054948,
5.073410606,
5.051455085,
5.087539952,
5.066577122,
5.099846216,
5.079808963,
5.060986051,
5.091484162,
5.073403247,
5.0563268,
5.08447808,
5.068008934,
5.052384338,
5.078522884,
5.063404013,
5.049005072,
5.073398627,
5.059427022,
5.08250485,
5.068942736,
5.055957721,
5.07766549,
5.065032453,
5.052904728,
5.073395456,
5.061573348,
5.05019735,
5.069599861,
5.058491593,
5.047780043,
5.066203795,
5.055728635,
5.073393144,
5.06314733,
5.053237439,
5.070087408,
5.060381953,
5.050979789,
5.067086811,
5.05786797,
5.048924313,
5.064350969,
5.05557259,
5.047045019,
5.061846322,
5.05346849,
5.067776292,
5.059544751,
5.051532716,
5.065301214,
5.057422522,
5.049745845,
5.063014114,
5.055459457,
5.048091333,
5.06089436,
5.053638299,
5.046555,
5.058924235,
5.051944197,
5.063967141,
5.057088434,
5.050364303,
5.062004041,
5.055373675,
5.048887445,
5.060167591,
5.053768366,
5.047503861,
5.058445918,
5.052262355,
5.046204985,
5.056828588,
5.050846703,
5.061213982,
5.055306394,
5.049513515,
5.059594561,
5.053871182,
5.04825579,
5.058065946,
5.052515702,
5.047067297,
5.056620711,
5.051233492,
5.045942473,
5.055252212,
5.050018765,
5.059131152,
5.053954498,
5.048866332,
5.057756816,
5.052722213,
5.04777152,
5.056450629,
5.051550533,
5.046730113,
5.055207643,
5.050435093,
5.045738296,
5.054023381,
5.049371938,
5.057500405,
5.052893777,
5.048357477,
5.056308893,
5.051815131,
5.04738844,
5.055170337,
5.050784073,
5.046461842,
5.054081283,
5.049797521,
5.045574955,
5.053038571,
5.048852653,
5.056188963,
5.052039305,
5.047946884,
5.055138653,
5.051080826,
5.047077834,
5.054130636,
5.050160685,
5.046243316,
5.053162409,
5.049276628,
5.045441311,
5.052231661,
5.048426573,
5.055111408,
5.051336259,
5.047608595,
5.054173203,
5.050474225,
5.046820913,
5.053269532,
5.049643728,
5.046061873,
5.052398525,
5.04884307,
5.045329942,
5.05155844,
5.04807067,
5.054210293,
5.050747661,
5.047325058,
5.053363111,
5.049964679,
5.046604865,
5.052544648,
5.04920809,
5.045908812,
5.051753466,
5.048476581,
5.045235706,
5.050988225,
5.047768926,
5.053445562,
5.050247668,
5.047083976,
5.052673672,
5.049530621,
5.046420656,
5.051926029,
5.048835982,
5.045777957,
5.051201508,
5.048162716,
5.045154932,
5.050499055,
5.047509853,
5.052788432,
5.049817674,
5.046876477,
5.052079797,
5.049156433,
5.04626173,
5.051391903,
5.048514452,
5.045664802,
5.050723852,
5.0478909,
5.045084929,
5.050074798,
5.047284996,
5.04452139,
5.049443941,
5.046696001,
5.051562906,
5.048830528,
5.046123217,
5.050926068,
5.048233843,
5.045565983,
5.050306441,
5.047653213,
5.045023675,
5.049703337,
5.047087998,
5.044495701,
5.049116105,
5.046537592,
5.051108941,
5.048544125,
5.04600142,
5.050516212,
5.047986812,
5.045478938,
5.049938553,
5.047443607,
5.044969628,
5.049375395,
5.046913983,
5.044472998,
5.0488262,
5.046397436,
5.050707069,
5.048290455,
5.045893487,
5.050152817,
5.047767671,
5.045401682,
5.049611868,
5.047257384,
5.044921586,
5.049083747,
5.046759151,
5.044452787,
5.048568003,
5.046272549,
5.050348812,
5.048064208,
5.045797177,
5.049828408,
5.047571949,
5.04533265,
5.049319831,
5.047090836,
5.044878601,
5.048822683,
5.046620495,
5.044434679,
5.048336582,
5.046160566,
5.050027434,
5.047861165,
5.045710709,
5.049537029,
5.047396084,
5.045270597,
5.049057208,
5.046941003,
5.044839915,
5.048587632,
5.046495606,
5.044418364,
5.048127978,
5.046059585,
5.049737519,
5.047677932,
5.045632648,
5.04927388,
5.047237198,
5.045214514,
5.048819768,
5.046805489,
5.044804913,
5.048374892,
5.046382531,
5.044403586,
5.047938973,
5.04596806,
5.049474663,
5.047511744,
5.045561824,
5.049035049,
5.047092946,
5.045163579,
5.048604054,
5.046682334,
5.044773093,
5.048181429,
5.046279669,
5.044390139,
5.047766931,
5.045884723,
5.049235246,
5.047360328,
5.045497276,
5.048817313,
5.046961396,
5.045117116,
5.048407216,
5.046569922,
5.04474404,
5.048004736,
5.046185697,
5.044377851,
5.047609665,
5.045808521,
5.049016267,
5.047221798,
5.045438204,
5.048617995,
5.046840941,
5.045074559,
5.048226878,
5.046466905,
5.044717408,
5.047842724,
5.046099509,
5.044366577,
5.04746535,
5.045738577,
5.048815216,
5.047094577,
5.045383941,
5.048434855,
5.046730233,
5.045035436,
5.048061051,
5.046372153,
5.044692906,
5.047693637,
5.046020177,
5.044356198,
5.04733245,
5.045674149,
5.048629979,
5.046977334,
5.045333921,
5.048265998,
5.046628136,
5.044999348,
5.04790805,
5.04628471,
5.044670289,
5.047555986,
5.045946914,
5.044346611,
5.047209662,
5.04561461,
5.048458759,
5.046868939,
5.045287667,
5.048109816,
5.046533682,
5.044965954,
5.047766442,
5.046203761,
5.044649348,
5.047428504,
5.045879049,
5.044337728,
5.047095874,
5.045559424,
5.048300024,
5.046768428,
5.045244767,
5.047964935,
5.046446045,
5.044934964,
5.047635002,
5.046128609,
5.044629902,
5.047310105,
5.045816007,
5.044329475,
5.046990132,
5.04550813,
5.048152456,
5.04667497,
5.045204871,
5.04783017,
5.046364512,
5.044906127,
5.047512671,
5.046058653,
5.044611798,
5.047199852,
5.045757292,
5.044321786,
5.046891611,
5.045460331,
5.044035998,
5.046587848,
5.045167673,
5.047704497,
5.046288466,
5.044879226,
5.047398534,
5.045993371,
5.0445949,
5.047096931,
5.045702472,
5.044314607,
5.046799596,
5.04541568,
5.044038262,
5.046506439,
5.045132908,
5.047587027,
5.046217372,
5.044854073,
5.047291795,
5.045932311,
5.044579093,
5.047000635,
5.045651173,
5.044307888,
5.046713463,
5.045373878,
5.044040381,
5.046430199,
5.045100346,
5.047476982,
5.046150762,
5.044830503,
5.047191757,
5.045875076,
5.044564273,
5.046910344,
5.045603066,
5.044301586,
5.046632666,
5.045334659,
5.04404237,
5.04635865,
5.045069783,
5.047373679,
5.046088224,
5.04480837,
5.047097809,
5.045821317,
5.044550352,
5.046825513,
5.045557862,
5.044295663,
5.046556724,
5.045297792,
5.044044239,
5.046291373,
5.045041041,
5.047276517,
5.046029396,
5.044787548,
5.04700941,
5.045770727,
5.04453725,
5.046745662,
5.045515306,
5.044290087,
5.046485212,
5.045263071,
5.044046,
5.046227997,
5.045013962,
5.047184965,
5.045973957,
5.044767923,
5.046926083,
5.045723034,
5.044524896,
5.046670365,
5.045475172,
5.044284827,
5.046417753,
5.045230313,
5.044047662,
5.04616819,
5.044988405,
5.047098549,
5.045921623,
5.044749394,
5.046847404,
5.045677996,
5.044513229,
5.046599242,
5.045437258,
5.044279858,
5.046354012,
5.045199358,
5.044049232,
5.046111661,
5.044964246,
5.047016851,
5.045872139,
5.044731873,
5.046772994,
5.045635397,
5.044502192,
5.046531957,
5.045401386,
5.044275156,
5.04629369,
5.04517006,
5.044050719,
5.046058147,
5.044941373,
5.046939493,
5.04582528,
5.04471528,
5.046702516,
5.045595044,
5.044491736,
5.046468206,
5.045367395,
5.044270699,
5.04623652,
5.04514229,
5.044052128,
5.046007412,
5.044919686,
5.046866138,
5.045780841,
5.044699542,
5.046635665,
5.045556764,
5.044481816,
5.046407719,
5.045335141,
5.044266471,
5.04618226,
5.045115931,
5.044053466,
5.045959247,
5.044899095,
5.046796485,
5.045738641,
5.044684595,
5.046572168,
5.045520402,
5.044472393,
5.04635025,
5.045304494,
5.044262452,
5.046130693,
5.045090878,
5.044054737,
5.04591346,
5.044879519,
5.046730259,
5.045698513,
5.044670381,
5.04651178,
5.045485817,
5.044463429,
5.04629558,
5.045275336,
5.044258629,
5.046081625,
5.045067037,
5.044055947,
5.045869879,
5.044860885,
5.046667214,
5.045660309,
5.044656847,
5.046454277,
5.045452881,
5.044454892,
5.046243509,
5.045247563,
5.044254986,
5.046034878,
5.045044321,
5.0440571,
5.04582835,
5.044843126,
5.046607125,
5.045623894,
5.044643946,
5.046399457,
5.04542148,
5.044446752,
5.046193856,
5.045221076,
5.044251513,
5.04599029,
5.045022654,
5.0440582,
5.04578873,
5.044826183,
5.043866786,
5.045589145,
5.044631635,
5.046347138,
5.045391508,
5.044438982,
5.046146456,
5.04519579,
5.044248196,
5.045947716,
5.045001963,
5.044059251,
5.04575089,
5.044809999,
5.043872119,
5.045555951,
5.044619873,
5.046297151,
5.045362871,
5.044431557,
5.046101159,
5.045171624,
5.044245026,
5.045907022,
5.044982184,
5.044060255,
5.045714714,
5.044794526,
5.043877219,
5.045524208,
5.044608625,
5.046249344,
5.045335481,
5.044424455,
5.046057829,
5.045148506,
5.044241993,
5.045868087,
5.044963259,
5.044061216,
5.045680094,
5.044779718,
5.043882099,
5.045493825,
5.044597857,
5.046203578,
5.045309258,
5.044417655,
5.04601634,
5.045126368,
5.044239089,
5.045830798,
5.044945133,
5.044062136,
5.045646931,
5.044765532,
5.043886775,
5.045464715,
5.044587541,
5.046159725,
5.045284129,
5.044411139,
5.045976577,
5.04510515,
5.044236305,
5.045795054,
5.044927757,
5.044063019,
5.045615136,
5.04475193,
5.043891259,
5.045436801,
5.044577647,
5.046117666,
5.045260027,
5.044404889,
5.045938434,
5.045084795,
5.044233634,
5.045760761,
5.044911085,
5.044063865,
5.045584626,
5.044738877,
5.043895562,
5.045410009,
5.044568151,
5.046077295,
5.045236891,
5.044398888,
5.045901815,
5.045065253,
5.04423107,
5.045727831,
5.044895075,
5.044064678,
5.045555324,
5.04472634,
5.043899695,
5.045384274,
5.044559029,
5.046038511,
5.045214663,
5.044393123,
5.04586663,
5.045046474,
5.044228606,
5.045696186,
5.044879689,
5.04406546,
5.04552716,
5.044714289,
5.043903668,
5.045359534,
5.044550259,
5.046001224,
5.045193292,
5.04438758,
5.045832797,
5.045028416,
5.044226236,
5.045665751,
5.04486489,
5.044066212,
5.045500068,
5.044702697,
5.04390749,
5.045335733,
5.044541821,
5.045965347,
5.045172728,
5.044382246,
5.045800238,
5.045011038,
5.044223956,
5.045636458,
5.044850646,
5.044066935,
5.04547399,
5.044691538,
5.043911169,
5.045312818,
5.044533697,
5.045930802,
5.045152927,
5.044377109,
5.045768884,
5.044994301,
5.044221759,
5.045608245,
5.044836926,
5.044067632,
5.045448868,
5.044680787,
5.043914714,
5.04529074,
5.04452587,
5.045897517,
5.045133846,
5.044372159,
5.045738669,
5.044978172,
5.044219642,
5.045581052,
5.044823702,
5.044068304,
5.045424652,
5.044670424,
5.043918131,
5.045269456,
5.044518323,
5.045865424,
5.045115448,
5.044367386,
5.045709531,
5.044962617,
5.0442176,
5.045554825,
5.044810947,
5.044068952,
5.045401293,
5.044660426,
5.043921428,
5.045248921,
5.044511042,
5.045834459,
5.045097697,
5.044362781,
5.045681414,
5.044947606,
5.04421563,
5.045529514,
5.044798637,
5.044069577,
5.045378747,
5.044650777,
5.043924611,
5.045229099,
5.044504013,
5.043780718,
5.045080558,
5.044358334,
5.045654266,
5.044933112,
5.044213727,
5.045505072,
5.044786749,
5.044070181,
5.045356971,
5.044641456,
5.043927684,
5.045209951,
5.044497223,
5.043786225,
5.045064001,
5.044354038,
5.045628037,
5.044919108,
5.044211889,
5.045481454,
5.044775261,
5.044070765,
5.045335927,
5.044632449,
5.043930655,
5.045191445,
5.044490661,
5.043791549,
5.045047996,
5.044349885,
5.045602681,
5.044905569,
5.044210112,
5.04545862,
5.044764154,
5.044071329,
5.045315579,
5.044623739,
5.043933528,
5.045173549,
5.044484314,
5.043796697,
5.045032517,
5.044345868,
5.045578155,
5.044892474,
5.044208392,
5.045436531,
5.044753409,
5.044071875,
5.045295893,
5.044615312,
5.043936308,
5.045156232,
5.044478173,
5.043801679,
5.045017538,
5.044341981,
5.04555442,
5.0448798,
5.044206728,
5.045415151,
5.044743008,
5.044072404,
5.045276837,
5.044607154,
5.043938998,
5.045139468,
5.044472227,
5.043806502,
5.045003034,
5.044338218,
5.045531437,
5.044867527,
5.044205117,
5.045394447,
5.044732936,
5.044072916,
5.045258381,
5.044599253,
5.043941605,
5.04512323,
5.044466468,
5.043811175,
5.044988985,
5.044334572,
5.045509172,
5.044855637,
5.044203556,
5.045374387,
5.044723177,
5.044073412,
5.045240497,
5.044591596,
5.04394413,
5.045107493,
5.044460886,
5.043815703,
5.044975368,
5.044331038,
5.045487591,
5.044844112,
5.044202043,
5.045354941,
5.044713717,
5.044073892,
5.045223159,
5.044584174,
5.043946579,
5.045092236,
5.044455474,
5.043820094,
5.044962165,
5.044327611,
5.045466664,
5.044832936,
5.044200575,
5.045336082,
5.044704541,
5.044074359,
5.045206343,
5.044576974,
5.043948954,
5.045077436,
5.044450225,
5.043824353,
5.044949355,
5.044324286,
5.04544636,
5.044822092,
5.044199151,
5.045317784,
5.044695639,
5.044074811,
5.045190024,
5.044569987,
5.043951259,
5.045063073,
5.04444513,
5.043828487,
5.044936923,
5.04432106,
5.045426653,
5.044811567,
5.044197769,
5.045300022,
5.044686996,
5.044075251,
5.045174183,
5.044563204,
5.043953497,
5.045049129,
5.044440183,
5.043832501,
5.044924852,
5.044317927,
5.045407516,
5.044801346,
5.044196427,
5.045282772,
5.044678603,
5.044075677,
5.045158797,
5.044556616,
5.043955671,
5.045035584,
5.044435378,
5.0438364,
5.044913126,
5.044314883,
5.045388926,
5.044791417,
5.044195123,
5.045266013,
5.044670448,
5.044076092,
5.045143848,
5.044550215,
5.043957783,
5.045022422,
5.044430709,
5.043840189,
5.044901731,
5.044311925,
5.045370859,
5.044781766,
5.044193856,
5.045249725,
5.044662522,
5.044076495,
5.045129317,